{
    "CalibrationInformation": {
        "Cameras": [
            {
                "Intrinsics": {
                    "ModelParameterCount": 14,
                    "ModelParameters": [
                        0.5003870964050293,
                        0.5100405799018012,
                        0.47508888244628905,
                        0.8445081075032552,
                        0.4321153163909912,
                        -2.595999240875244,
                        1.516448736190796,
                        0.311827152967453,
                        -2.4172017574310303,
                        1.4415457248687744,
                        0,
                        0,
                        -0.0004303685564082116,
                        0.0007401921320706606
                    ],
                    "ModelType": "CALIBRATION_LensDistortionModelBrownConrady"
                },
                "Rt": {
                    "Rotation": [
                        1,
                        0,
                        0,
                        0,
                        1,
                        0,
                        0,
                        0,
                        1
                    ],
                    "Translation": [
                        0,
                        0,
                        0
                    ]
                },
                "SensorHeight": [
                    720
                ],
                "SensorWidth": [
                    1280
                ]
            },
            {
                "Intrinsics": {
                    "ModelParameterCount": 14,
                    "ModelParameters": [
                        0.4987613203125,
                        0.5110488041666666,
                        0.47738332734375,
                        0.8482831319444445,
                        0.694481,
                        -2.70823,
                        1.427999,
                        0.569216,
                        -2.53752,
                        1.363558,
                        0,
                        0,
                        -9.3e-05,
                        0.001196
                    ],
                    "ModelType": "CALIBRATION_LensDistortionModelBrownConrady"
                },
                "Rt": {
                    "Rotation": [
                        0.695760377169697,
                        0.0188312631346551,
                        -0.718027075457071,
                        -0.021763233441492037,
                        0.9997499834093632,
                        0.005131504959501234,
                        0.7179441894958496,
                        0.012056293034413315,
                        0.6959962547078944
                    ],
                    "Translation": [
                        1.6310574257953807,
                        -0.028371927977991318,
                        0.7172154601340596
                    ]
                },
                "SensorHeight": [
                    720
                ],
                "SensorWidth": [
                    1280
                ]
            }
        ]
    }
}