{
    "RMS_B_to_A_pixels": 0.2234967464772111,
    "RMS_B_to_A_radians": 0.00028561333700575896,
    "RMS_A_to_B_pixels": 1468.0937316643533,
    "RMS_A_to_B_radians": 1.5584068042503838
}