{
    "CalibrationInformation": {
        "Cameras": [
            {
                "Intrinsics": {
                    "ModelParameterCount": 14,
                    "ModelParameters": [
                        0.49873495078124996,
                        0.5077757944444444,
                        0.4684605125,
                        0.8322248666666667,
                        0.863863,
                        -3.039024,
                        1.678357,
                        0.736574,
                        -2.868086,
                        1.609729,
                        0,
                        0,
                        -4e-06,
                        0.000478
                    ],
                    "ModelType": "CALIBRATION_LensDistortionModelBrownConrady"
                },
                "Rt": {
                    "Rotation": [
                        1,
                        0,
                        0,
                        0,
                        1,
                        0,
                        0,
                        0,
                        1
                    ],
                    "Translation": [
                        0,
                        0,
                        0
                    ]
                },
                "SensorHeight": [
                    720
                ],
                "SensorWidth": [
                    1280
                ]
            },
            {
                "Intrinsics": {
                    "ModelParameterCount": 14,
                    "ModelParameters": [
                        0.4987613203125,
                        0.5110488041666666,
                        0.47738332734375,
                        0.8482831319444445,
                        0.694481,
                        -2.70823,
                        1.427999,
                        0.569216,
                        -2.53752,
                        1.363558,
                        0,
                        0,
                        -9.3e-05,
                        0.001196
                    ],
                    "ModelType": "CALIBRATION_LensDistortionModelBrownConrady"
                },
                "Rt": {
                    "Rotation": [
                        0.9232370898654553,
                        0.0048670980991929475,
                        -0.3841999313545734,
                        0.002351427436219559,
                        0.9998294740018068,
                        0.018316487280113217,
                        0.3842235634181983,
                        -0.017813878672630158,
                        0.9230682093111313
                    ],
                    "Translation": [
                        0.8887435228251142,
                        0.000943873905982856,
                        -0.0013685329623025488
                    ]
                },
                "SensorHeight": [
                    720
                ],
                "SensorWidth": [
                    1280
                ]
            }
        ]
    }
}