{
    "RMS_B_to_A_pixels": 0.2975036163152869,
    "RMS_B_to_A_radians": 0.00046290236486847604,
    "RMS_A_to_B_pixels": 290.8321681164265,
    "RMS_A_to_B_radians": 0.2589689017221314
}