{
    "RMS_B_to_A_pixels": 0.41996547034820425,
    "RMS_B_to_A_radians": 0.000605742069623309,
    "RMS_A_to_B_pixels": 0.3752797636563851,
    "RMS_A_to_B_radians": 0.0003716243648240084
}