{
    "CalibrationInformation": {
        "Cameras": [
            {
                "Intrinsics": {
                    "ModelParameterCount": 14,
                    "ModelParameters": [
                        0.49876132011413576,
                        0.5110488043891059,
                        0.47738332748413087,
                        0.8482831319173177,
                        0.6944806575775146,
                        -2.7082302570343018,
                        1.4279989004135132,
                        0.5692160725593567,
                        -2.537520408630371,
                        1.3635576963424685,
                        0,
                        0,
                        -9.335744834970684e-05,
                        0.0011957712704315782
                    ],
                    "ModelType": "CALIBRATION_LensDistortionModelBrownConrady"
                },
                "Rt": {
                    "Rotation": [
                        1,
                        0,
                        0,
                        0,
                        1,
                        0,
                        0,
                        0,
                        1
                    ],
                    "Translation": [
                        0,
                        0,
                        0
                    ]
                },
                "SensorHeight": [
                    720
                ],
                "SensorWidth": [
                    1280
                ]
            },
            {
                "Intrinsics": {
                    "ModelParameterCount": 14,
                    "ModelParameters": [
                        0.5003870964050293,
                        0.5100405799018012,
                        0.47508888244628905,
                        0.8445081075032552,
                        0.4321153163909912,
                        -2.595999240875244,
                        1.516448736190796,
                        0.311827152967453,
                        -2.4172017574310303,
                        1.4415457248687744,
                        0,
                        0,
                        -0.0004303685564082116,
                        0.0007401921320706606
                    ],
                    "ModelType": "CALIBRATION_LensDistortionModelBrownConrady"
                },
                "Rt": {
                    "Rotation": [
                        0.6955025153612497,
                        -0.023303770070036978,
                        0.7181456575282609,
                        0.01952519108543831,
                        0.9997177969196218,
                        0.013531202284161957,
                        -0.7182583226383472,
                        0.0046109459659205085,
                        0.6957612529726322
                    ],
                    "Translation": [
                        -1.6535887543532954,
                        -0.012714732813568413,
                        0.6732291853441674
                    ]
                },
                "SensorHeight": [
                    720
                ],
                "SensorWidth": [
                    1280
                ]
            }
        ]
    }
}