{
    "RMS_B_to_A_pixels": 0.30748932129217277,
    "RMS_B_to_A_radians": 0.0003214202642913505,
    "RMS_A_to_B_pixels": 0.2982938715751218,
    "RMS_A_to_B_radians": 0.00031975808465545746
}