{
    "CalibrationInformation": {
        "Cameras": [
            {
                "Intrinsics": {
                    "ModelParameterCount": 14,
                    "ModelParameters": [
                        0.49873495078124996,
                        0.5077757944444444,
                        0.4684605125,
                        0.8322248666666667,
                        0.863863,
                        -3.039024,
                        1.678357,
                        0.736574,
                        -2.868086,
                        1.609729,
                        0,
                        0,
                        -4e-06,
                        0.000478
                    ],
                    "ModelType": "CALIBRATION_LensDistortionModelBrownConrady"
                },
                "Rt": {
                    "Rotation": [
                        1,
                        0,
                        0,
                        0,
                        1,
                        0,
                        0,
                        0,
                        1
                    ],
                    "Translation": [
                        0,
                        0,
                        0
                    ]
                },
                "SensorHeight": [
                    720
                ],
                "SensorWidth": [
                    1280
                ]
            },
            {
                "Intrinsics": {
                    "ModelParameterCount": 14,
                    "ModelParameters": [
                        0.5003870964050293,
                        0.5100405799018012,
                        0.47508888244628905,
                        0.8445081075032552,
                        0.4321153163909912,
                        -2.595999240875244,
                        1.516448736190796,
                        0.311827152967453,
                        -2.4172017574310303,
                        1.4415457248687744,
                        0,
                        0,
                        -0.0004303685564082116,
                        0.0007401921320706606
                    ],
                    "ModelType": "CALIBRATION_LensDistortionModelBrownConrady"
                },
                "Rt": {
                    "Rotation": [
                        0.9158641763060941,
                        -0.019168145302458896,
                        0.4010304137653701,
                        0.007702540733855706,
                        0.9995147063410764,
                        0.030183152157370437,
                        -0.40141435129477293,
                        -0.024554714691388813,
                        0.915567356648882
                    ],
                    "Translation": [
                        -0.8960705532768163,
                        -0.005768357712260308,
                        -0.01142457989501433
                    ]
                },
                "SensorHeight": [
                    720
                ],
                "SensorWidth": [
                    1280
                ]
            }
        ]
    }
}