{
    "RMS_B_to_A_pixels": 0.19341340082276648,
    "RMS_B_to_A_radians": 0.0003113330020034824,
    "RMS_A_to_B_pixels": 127.27128926713432,
    "RMS_A_to_B_radians": 0.1783275622590576
}