{
    "CalibrationInformation": {
        "Cameras": [
            {
                "Intrinsics": {
                    "ModelParameterCount": 14,
                    "ModelParameters": [
                        0.4987349510192871,
                        0.5077757941351997,
                        0.4684605121612549,
                        0.832224867078993,
                        0.8638631701469421,
                        -3.0390236377716064,
                        1.6783568859100342,
                        0.7365744709968567,
                        -2.868086338043213,
                        1.6097285747528076,
                        0,
                        0,
                        -4.277556854503928e-06,
                        0.0004777683352585882
                    ],
                    "ModelType": "CALIBRATION_LensDistortionModelBrownConrady"
                },
                "Rt": {
                    "Rotation": [
                        1,
                        0,
                        0,
                        0,
                        1,
                        0,
                        0,
                        0,
                        1
                    ],
                    "Translation": [
                        0,
                        0,
                        0
                    ]
                },
                "SensorHeight": [
                    720
                ],
                "SensorWidth": [
                    1280
                ]
            },
            {
                "Intrinsics": {
                    "ModelParameterCount": 14,
                    "ModelParameters": [
                        0.49876132011413576,
                        0.5110488043891059,
                        0.47738332748413087,
                        0.8482831319173177,
                        0.6944806575775146,
                        -2.7082302570343018,
                        1.4279989004135132,
                        0.5692160725593567,
                        -2.537520408630371,
                        1.3635576963424685,
                        0,
                        0,
                        -9.335744834970684e-05,
                        0.0011957712704315782
                    ],
                    "ModelType": "CALIBRATION_LensDistortionModelBrownConrady"
                },
                "Rt": {
                    "Rotation": [
                        0.9205560399294448,
                        0.005376866177806456,
                        -0.3905735099306188,
                        0.0012612500166962522,
                        0.9998591254946202,
                        0.016737335914909484,
                        0.3906084824959806,
                        -0.015900266514719062,
                        0.9204195754800893
                    ],
                    "Translation": [
                        0.8946266072227911,
                        0.0020498579971845454,
                        0.005019761631776309
                    ]
                },
                "SensorHeight": [
                    720
                ],
                "SensorWidth": [
                    1280
                ]
            }
        ]
    }
}