{
    "RMS_B_to_A_pixels": 0.41888672881723155,
    "RMS_B_to_A_radians": 0.000616473758856994,
    "RMS_A_to_B_pixels": 0.27248999617907477,
    "RMS_A_to_B_radians": 0.0002841887339122985
}