{
    "RMS_B_to_A_pixels": 0.4199654703481527,
    "RMS_B_to_A_radians": 0.000605742069633883,
    "RMS_A_to_B_pixels": 0.3438349937907391,
    "RMS_A_to_B_radians": 0.00035833438451405024
}