{
    "RMS_B_to_A_pixels": 0.30634166252350603,
    "RMS_B_to_A_radians": 0.0004783628995530599,
    "RMS_A_to_B_pixels": 3349.806651950267,
    "RMS_A_to_B_radians": 1.5986346916616114
}