{
    "RMS_B_to_A_pixels": 0.22055958017789584,
    "RMS_B_to_A_radians": 0.0002446519612428699,
    "RMS_A_to_B_pixels": 1035.8789712682874,
    "RMS_A_to_B_radians": 1.2614947833992658
}