{
    "CalibrationInformation": {
        "Cameras": [
            {
                "Intrinsics": {
                    "ModelParameterCount": 14,
                    "ModelParameters": [
                        0.49876132011413576,
                        0.5110488043891059,
                        0.47738332748413087,
                        0.8482831319173177,
                        0.6944806575775146,
                        -2.7082302570343018,
                        1.4279989004135132,
                        0.5692160725593567,
                        -2.537520408630371,
                        1.3635576963424685,
                        0,
                        0,
                        -9.335744834970684e-05,
                        0.0011957712704315782
                    ],
                    "ModelType": "CALIBRATION_LensDistortionModelBrownConrady"
                },
                "Rt": {
                    "Rotation": [
                        1,
                        0,
                        0,
                        0,
                        1,
                        0,
                        0,
                        0,
                        1
                    ],
                    "Translation": [
                        0,
                        0,
                        0
                    ]
                },
                "SensorHeight": [
                    720
                ],
                "SensorWidth": [
                    1280
                ]
            },
            {
                "Intrinsics": {
                    "ModelParameterCount": 14,
                    "ModelParameters": [
                        0.5003870964050293,
                        0.5100405799018012,
                        0.47508888244628905,
                        0.8445081075032552,
                        0.4321153163909912,
                        -2.595999240875244,
                        1.516448736190796,
                        0.311827152967453,
                        -2.4172017574310303,
                        1.4415457248687744,
                        0,
                        0,
                        -0.0004303685564082116,
                        0.0007401921320706606
                    ],
                    "ModelType": "CALIBRATION_LensDistortionModelBrownConrady"
                },
                "Rt": {
                    "Rotation": [
                        0.6964881123672488,
                        -0.022540903815036227,
                        0.717214205789531,
                        0.019239901461085788,
                        0.9997337730329534,
                        0.01273613948814634,
                        -0.7173103481219786,
                        0.004928560894936466,
                        0.6967363732177548
                    ],
                    "Translation": [
                        -1.6544660967047158,
                        -0.011840100065633546,
                        0.6717876975088197
                    ]
                },
                "SensorHeight": [
                    720
                ],
                "SensorWidth": [
                    1280
                ]
            }
        ]
    }
}