{
    "RMS_B_to_A_pixels": 0.3752797636564085,
    "RMS_B_to_A_radians": 0.00037162436479117885,
    "RMS_A_to_B_pixels": 0.34383499379074894,
    "RMS_A_to_B_radians": 0.00035833438449448207
}