{
    "RMS_B_to_A_pixels": 0.4188867288172324,
    "RMS_B_to_A_radians": 0.0006164737588881639,
    "RMS_A_to_B_pixels": 0.32809911407851805,
    "RMS_A_to_B_radians": 0.0003451296967118632
}