{
    "RMS_B_to_A_pixels": 0.3713932044855992,
    "RMS_B_to_A_radians": 0.0005505280300782515,
    "RMS_A_to_B_pixels": 0.3074893212921927,
    "RMS_A_to_B_radians": 0.0003214202643126722
}