{
    "CalibrationInformation": {
        "Cameras": [
            {
                "Intrinsics": {
                    "ModelParameterCount": 14,
                    "ModelParameters": [
                        0.49873495078124996,
                        0.5077757944444444,
                        0.4684605125,
                        0.8322248666666667,
                        0.863863,
                        -3.039024,
                        1.678357,
                        0.736574,
                        -2.868086,
                        1.609729,
                        0,
                        0,
                        -4e-06,
                        0.000478
                    ],
                    "ModelType": "CALIBRATION_LensDistortionModelBrownConrady"
                },
                "Rt": {
                    "Rotation": [
                        1,
                        0,
                        0,
                        0,
                        1,
                        0,
                        0,
                        0,
                        1
                    ],
                    "Translation": [
                        0,
                        0,
                        0
                    ]
                },
                "SensorHeight": [
                    720
                ],
                "SensorWidth": [
                    1280
                ]
            },
            {
                "Intrinsics": {
                    "ModelParameterCount": 14,
                    "ModelParameters": [
                        0.4987613203125,
                        0.5110488041666666,
                        0.47738332734375,
                        0.8482831319444445,
                        0.694481,
                        -2.70823,
                        1.427999,
                        0.569216,
                        -2.53752,
                        1.363558,
                        0,
                        0,
                        -9.3e-05,
                        0.001196
                    ],
                    "ModelType": "CALIBRATION_LensDistortionModelBrownConrady"
                },
                "Rt": {
                    "Rotation": [
                        0.925660047220247,
                        0.005170173632487202,
                        -0.37832095670848115,
                        0.0023568385029789176,
                        0.9998084398922539,
                        0.0194301011960363,
                        0.37834894250213175,
                        -0.0188773097878715,
                        0.9254705424175809
                    ],
                    "Translation": [
                        0.8796903623892592,
                        -0.00044599459691263554,
                        -0.008887950283573587
                    ]
                },
                "SensorHeight": [
                    720
                ],
                "SensorWidth": [
                    1280
                ]
            }
        ]
    }
}