{
    "RMS_B_to_A_pixels": 0.19341340082277708,
    "RMS_B_to_A_radians": 0.00031133300196919364,
    "RMS_A_to_B_pixels": 134.2022376047424,
    "RMS_A_to_B_radians": 0.16803796723193393
}