{
    "depth_camera": {
        "intrinsics": {
            "type": 4,
            "parameter_count": 14,
            "parameters": {
                "parameters_as_dict": {
                    "cx": 338.0733642578125,
                    "cy": 338.06817626953125,
                    "fx": 505.05084228515625,
                    "fy": 504.9956359863281,
                    "k1": 5.325788497924805,
                    "k2": 3.2844455242156982,
                    "k3": 0.1552966833114624,
                    "k4": 5.6506853103637695,
                    "k5": 5.049447536468506,
                    "k6": 0.858729898929596,
                    "codx": 0.0,
                    "cody": 0.0,
                    "p2": -0.0000848980707814917,
                    "p1": -0.0000025223982902389253
                },
                "parameters_as_list": [
                    338.0733642578125,
                    338.06817626953125,
                    505.05084228515625,
                    504.9956359863281,
                    5.325788497924805,
                    3.2844455242156982,
                    0.1552966833114624,
                    5.6506853103637695,
                    5.049447536468506,
                    0.858729898929596,
                    0.0,
                    0.0,
                    -0.0000848980707814917,
                    -0.0000025223982902389253
                ]
            }
        },
        "extrinsics": {
            "rotation": [
                1.0,
                0.0,
                0.0,
                0.0,
                1.0,
                0.0,
                0.0,
                0.0,
                1.0
            ],
            "translation_in_meters": [
                0.0,
                0.0,
                0.0
            ]
        },
        "resolution_width": 640,
        "resolution_height": 576,
        "metric_radius": 1.739999771118164
    },
    "color_camera": {
        "intrinsics": {
            "type": 4,
            "parameter_count": 14,
            "parameters": {
                "parameters_as_dict": {
                    "cx": 638.3807373046875,
                    "cy": 365.59857177734375,
                    "fx": 599.6294555664063,
                    "fy": 599.201904296875,
                    "k1": 0.8638631701469421,
                    "k2": -3.0390236377716064,
                    "k3": 1.6783568859100342,
                    "k4": 0.7365744709968567,
                    "k5": -2.868086338043213,
                    "k6": 1.6097285747528076,
                    "codx": 0.0,
                    "cody": 0.0,
                    "p2": -0.000004277556854503928,
                    "p1": 0.0004777683352585882
                },
                "parameters_as_list": [
                    638.3807373046875,
                    365.59857177734375,
                    599.6294555664063,
                    599.201904296875,
                    0.8638631701469421,
                    -3.0390236377716064,
                    1.6783568859100342,
                    0.7365744709968567,
                    -2.868086338043213,
                    1.6097285747528076,
                    0.0,
                    0.0,
                    -0.000004277556854503928,
                    0.0004777683352585882
                ]
            }
        },
        "extrinsics": {
            "rotation": [
                0.9999958872795104,
                -0.0027522416785359383,
                -0.0007827545632608235,
                0.002816829131916166,
                0.9949621558189392,
                0.10021185129880904,
                0.000503003888297826,
                -0.10021364688873292,
                0.9949657917022704
            ],
            "translation_in_meters": [
                -0.03207257080078125,
                -0.002081580400466919,
                0.00410262393951416
            ]
        },
        "resolution_width": 1280,
        "resolution_height": 720,
        "metric_radius": 1.7000000476837158
    }
}