{
    "depth_camera": {
        "intrinsics": {
            "type": 4,
            "parameter_count": 14,
            "parameters": {
                "parameters_as_dict": {
                    "cx": 319.0024108886719,
                    "cy": 339.21014404296875,
                    "fx": 504.649658203125,
                    "fy": 504.7908935546875,
                    "k1": 2.0511980056762695,
                    "k2": 1.200464129447937,
                    "k3": 0.05792865157127381,
                    "k4": 2.387298107147217,
                    "k5": 1.8478078842163088,
                    "k6": 0.31907933950424194,
                    "codx": 0.0,
                    "cody": 0.0,
                    "p2": -9.3214282514964e-7,
                    "p1": -0.00010747145279310644
                },
                "parameters_as_list": [
                    319.0024108886719,
                    339.21014404296875,
                    504.649658203125,
                    504.7908935546875,
                    2.0511980056762695,
                    1.200464129447937,
                    0.05792865157127381,
                    2.387298107147217,
                    1.8478078842163088,
                    0.31907933950424194,
                    0.0,
                    0.0,
                    -9.3214282514964e-7,
                    -0.00010747145279310644
                ]
            }
        },
        "extrinsics": {
            "rotation": [
                1.0,
                0.0,
                0.0,
                0.0,
                1.0,
                0.0,
                0.0,
                0.0,
                1.0
            ],
            "translation_in_meters": [
                0.0,
                0.0,
                0.0
            ]
        },
        "resolution_width": 640,
        "resolution_height": 576,
        "metric_radius": 1.739999771118164
    },
    "color_camera": {
        "intrinsics": {
            "type": 4,
            "parameter_count": 14,
            "parameters": {
                "parameters_as_dict": {
                    "cx": 640.4954833984375,
                    "cy": 367.2292175292969,
                    "fx": 608.11376953125,
                    "fy": 608.0458374023438,
                    "k1": 0.4321153163909912,
                    "k2": -2.595999240875244,
                    "k3": 1.516448736190796,
                    "k4": 0.311827152967453,
                    "k5": -2.4172017574310303,
                    "k6": 1.4415457248687744,
                    "codx": 0.0,
                    "cody": 0.0,
                    "p2": -0.0004303685564082116,
                    "p1": 0.0007401921320706606
                },
                "parameters_as_list": [
                    640.4954833984375,
                    367.2292175292969,
                    608.11376953125,
                    608.0458374023438,
                    0.4321153163909912,
                    -2.595999240875244,
                    1.516448736190796,
                    0.311827152967453,
                    -2.4172017574310303,
                    1.4415457248687744,
                    0.0,
                    0.0,
                    -0.0004303685564082116,
                    0.0007401921320706606
                ]
            }
        },
        "extrinsics": {
            "rotation": [
                0.999984085559845,
                0.005551718641072512,
                0.000983276986517012,
                -0.005618835799396038,
                0.9957038760185242,
                0.09242425113916396,
                -0.000465939287096262,
                -0.0924283117055893,
                0.9957192540168762
            ],
            "translation_in_meters": [
                -0.0319575252532959,
                -0.002085524082183838,
                0.0039230952262878415
            ]
        },
        "resolution_width": 1280,
        "resolution_height": 720,
        "metric_radius": 1.7000000476837158
    }
}