{
    "RMS_B_to_A_pixels": 0.3383968788913145,
    "RMS_B_to_A_radians": 0.00048248686573063785,
    "RMS_A_to_B_pixels": 1704.1120521908692,
    "RMS_A_to_B_radians": 1.2960377297186283
}