{
    "CalibrationInformation": {
        "Cameras": [
            {
                "Intrinsics": {
                    "ModelParameterCount": 14,
                    "ModelParameters": [
                        0.49873495078124996,
                        0.5077757944444444,
                        0.4684605125,
                        0.8322248666666667,
                        0.863863,
                        -3.039024,
                        1.678357,
                        0.736574,
                        -2.868086,
                        1.609729,
                        0,
                        0,
                        -4e-06,
                        0.000478
                    ],
                    "ModelType": "CALIBRATION_LensDistortionModelBrownConrady"
                },
                "Rt": {
                    "Rotation": [
                        1,
                        0,
                        0,
                        0,
                        1,
                        0,
                        0,
                        0,
                        1
                    ],
                    "Translation": [
                        0,
                        0,
                        0
                    ]
                },
                "SensorHeight": [
                    720
                ],
                "SensorWidth": [
                    1280
                ]
            },
            {
                "Intrinsics": {
                    "ModelParameterCount": 14,
                    "ModelParameters": [
                        0.5003870964050293,
                        0.5100405799018012,
                        0.47508888244628905,
                        0.8445081075032552,
                        0.4321153163909912,
                        -2.595999240875244,
                        1.516448736190796,
                        0.311827152967453,
                        -2.4172017574310303,
                        1.4415457248687744,
                        0,
                        0,
                        -0.0004303685564082116,
                        0.0007401921320706606
                    ],
                    "ModelType": "CALIBRATION_LensDistortionModelBrownConrady"
                },
                "Rt": {
                    "Rotation": [
                        0.9183093925681826,
                        -0.0171982669178518,
                        0.3954896700750588,
                        0.00731234816023678,
                        0.9996223165266017,
                        0.026490637334227646,
                        -0.3957958932144697,
                        -0.021434642917772587,
                        0.9180883220025988
                    ],
                    "Translation": [
                        -0.8932110847923556,
                        -0.0016212681359995262,
                        -0.014877982689423641
                    ]
                },
                "SensorHeight": [
                    720
                ],
                "SensorWidth": [
                    1280
                ]
            }
        ]
    }
}