{
    "RMS_B_to_A_pixels": 0.29750361631527983,
    "RMS_B_to_A_radians": 0.0004629023648777006,
    "RMS_A_to_B_pixels": 285.38059845027,
    "RMS_A_to_B_radians": 0.2935465165909147
}