{
    "CalibrationInformation": {
        "Cameras": [
            {
                "Intrinsics": {
                    "ModelParameterCount": 14,
                    "ModelParameters": [
                        0.49876132011413576,
                        0.5110488043891059,
                        0.47738332748413087,
                        0.8482831319173177,
                        0.6944806575775146,
                        -2.7082302570343018,
                        1.4279989004135132,
                        0.5692160725593567,
                        -2.537520408630371,
                        1.3635576963424685,
                        0,
                        0,
                        -9.335744834970684e-05,
                        0.0011957712704315782
                    ],
                    "ModelType": "CALIBRATION_LensDistortionModelBrownConrady"
                },
                "Rt": {
                    "Rotation": [
                        1,
                        0,
                        0,
                        0,
                        1,
                        0,
                        0,
                        0,
                        1
                    ],
                    "Translation": [
                        0,
                        0,
                        0
                    ]
                },
                "SensorHeight": [
                    720
                ],
                "SensorWidth": [
                    1280
                ]
            },
            {
                "Intrinsics": {
                    "ModelParameterCount": 14,
                    "ModelParameters": [
                        0.5003870964050293,
                        0.5100405799018012,
                        0.47508888244628905,
                        0.8445081075032552,
                        0.4321153163909912,
                        -2.595999240875244,
                        1.516448736190796,
                        0.311827152967453,
                        -2.4172017574310303,
                        1.4415457248687744,
                        0,
                        0,
                        -0.0004303685564082116,
                        0.0007401921320706606
                    ],
                    "ModelType": "CALIBRATION_LensDistortionModelBrownConrady"
                },
                "Rt": {
                    "Rotation": [
                        0.6936353289616758,
                        -0.023066670442525267,
                        0.7199569147740184,
                        0.018752313943583614,
                        0.999726648735608,
                        0.013963471260081916,
                        -0.7200822044308473,
                        0.003815301110762434,
                        0.6938782763132489
                    ],
                    "Translation": [
                        -1.6546261412294796,
                        -0.012563483825165728,
                        0.6765638349780193
                    ]
                },
                "SensorHeight": [
                    720
                ],
                "SensorWidth": [
                    1280
                ]
            }
        ]
    }
}