{
    "RMS_B_to_A_pixels": 0.2724899961790956,
    "RMS_B_to_A_radians": 0.0002841887339665574,
    "RMS_A_to_B_pixels": 0.3280991140784998,
    "RMS_A_to_B_radians": 0.0003451296966724734
}