{
    "CalibrationInformation": {
        "Cameras": [
            {
                "Intrinsics": {
                    "ModelParameterCount": 14,
                    "ModelParameters": [
                        0.4987349510192871,
                        0.5077757941351997,
                        0.4684605121612549,
                        0.832224867078993,
                        0.8638631701469421,
                        -3.0390236377716064,
                        1.6783568859100342,
                        0.7365744709968567,
                        -2.868086338043213,
                        1.6097285747528076,
                        0,
                        0,
                        -4.277556854503928e-06,
                        0.0004777683352585882
                    ],
                    "ModelType": "CALIBRATION_LensDistortionModelBrownConrady"
                },
                "Rt": {
                    "Rotation": [
                        1,
                        0,
                        0,
                        0,
                        1,
                        0,
                        0,
                        0,
                        1
                    ],
                    "Translation": [
                        0,
                        0,
                        0
                    ]
                },
                "SensorHeight": [
                    720
                ],
                "SensorWidth": [
                    1280
                ]
            },
            {
                "Intrinsics": {
                    "ModelParameterCount": 14,
                    "ModelParameters": [
                        0.5003870964050293,
                        0.5100405799018012,
                        0.47508888244628905,
                        0.8445081075032552,
                        0.4321153163909912,
                        -2.595999240875244,
                        1.516448736190796,
                        0.311827152967453,
                        -2.4172017574310303,
                        1.4415457248687744,
                        0,
                        0,
                        -0.0004303685564082116,
                        0.0007401921320706606
                    ],
                    "ModelType": "CALIBRATION_LensDistortionModelBrownConrady"
                },
                "Rt": {
                    "Rotation": [
                        0.9188852095545278,
                        -0.017590244983969376,
                        0.3941326616043574,
                        0.008644736379847378,
                        0.9996634120221525,
                        0.02446080941324881,
                        -0.39443027291886956,
                        -0.01906950302530924,
                        0.9187279868707134
                    ],
                    "Translation": [
                        -0.8937181581104626,
                        -0.00039471980413641194,
                        -0.01672112687982419
                    ]
                },
                "SensorHeight": [
                    720
                ],
                "SensorWidth": [
                    1280
                ]
            }
        ]
    }
}