{
    "RMS_B_to_A_pixels": 0.3713932044856577,
    "RMS_B_to_A_radians": 0.0005505280300530434,
    "RMS_A_to_B_pixels": 0.29829387157509707,
    "RMS_A_to_B_radians": 0.0003197580847044749
}